Nome Completo,Email,CPF
Ana Clara Silva,ana.clara@gmail.com,12345678900
Bruno Oliveira,bruno.oliveira@hotmail.com,23456789011
Camila Santos,camila.santos@yahoo.com,345.678.901-22
Diego Pereira,diego.pereira@gmail.com,456.789.012-33
Elisa Almeida,elisa.almeida@gmail.com,567.890.123-44
Felipe Martins,felipe.martins@outlook.com,678.901.234-55
Gabriela Costa,gabriela.costa@yahoo.com,789.012.345-66
Henrique Souza,henrique.souza@gmail.com,890.123.456-77
Isabela Ribeiro,isabela.ribeiro@gmail.com,901.234.567-88
João Mendes,joao.mendes@hotmail.com,012.345.678-99
